session,time,distance,per,hand,num,audio,ide,label
1552,53,0.856020,0.538462,0.510407,18.076923,0.548573,1,0
1553,53,1.294250,0.942308,0.945247,16.096154,1.404692,2,0
1554,53,1.266581,0.961538,0.672268,15.903846,1.023435,5,0
1557,53,0.342974,0.342974,0.342974,0.342974,0.342974,4,0
1572,53,0.348129,0.346154,0.639562,17.769231,1.106887,5,0
1576,53,0.348129,0.346154,0.639562,17.769231,1.106887,5,1
1578,53,0.348866,0.961538,0.607777,15.076923,5.599313,3,1
1594,53,0.923470,1.000000,0.759358,15.156863,1.563854,5,1
1595,53,1.090543,0.788462,0.154393,16.038462,0.459104,5,1